,Title,Post Text,ID,Score,Total Comments,Post URL
0,Help! My CA says my â‚¹21k trading profit is actually â‚¹1 Lakh for tax. How is this possible?,"Hey fellow traders, I'm really confused about my taxes and hope someone can shed some light.

* My PnL for last year shows a total profit of **21K**
* I gave this to my CA for ITR filing, and he told me my taxable profit is **1 Lakh.** .
* He says my profits are taxable, but my losses are mostly ""intraday"" and can only be carried forward. They can't be used to reduce my current profit.



**My Trading Style:** I primarily do swing trading with a GTT stop-loss. Sometimes, a trade I intend to hold for several days hits the stop-loss and gets exited on the same day. I believe this is why they are being classified as intraday trades.

Is a trade intended for swing but closed on the same day automatically considered an ""Intraday/Speculative"" trade for tax purposes?

Is it true that these ""intraday"" losses cannot be set off against my swing trading (STCG) profits?

Do I really have to pay tax on â‚¹1 Lakh even though my net PnL was only â‚¹21k? Is there any way to correctly offset these losses to reduce my tax liability?

https://preview.redd.it/mrreghwzfdhf1.png?width=1115&format=png&auto=webp&s=49a29dda78bc613afee7fa00e691b9b117cdd658

",1mj0f6f,273,83,https://www.reddit.com/r/IndianStockMarket/comments/1mj0f6f/help_my_ca_says_my_21k_trading_profit_is_actually/
1,"Got my first dividend guys, I'm so happy :)",,1mize3j,179,35,https://i.redd.it/x3g6ltaa4dhf1.png
2,guys WTF,"https://preview.redd.it/80gcbq8hhchf1.png?width=1280&format=png&auto=webp&s=eb4059aad90c367cc46b1c4e6feeba8e7cdd2d0a

BSE Stock Today",1mixg04,108,19,https://www.reddit.com/r/IndianStockMarket/comments/1mixg04/guys_wtf/
3,End of Weekly Expiry = End of Retail Traders? SEBI Thinks So.,"Just saw this 

 SEBI and the Finance Ministry are apparently in talks to reduce speculation in the options market. Some major stuff on the table:

Ending weekly option expiry, shifting to bi-monthly or monthly

Cutting margin requirements in the cash market

Possibly lowering STT on cash market trades


Govt feels weekly expiries are being misused for pure speculation, not actual hedging.

If this happens, it could seriously impact retail traders who rely on weekly moves. Could also push more volume back into the cash market.

What do you guys think  is this a good move to bring balance or is it just going to kill retail participation?",1mis2lj,59,17,https://i.redd.it/2txweue72bhf1.jpeg
4,Additional 25% tariffs in India Announced. How will the stock market react tomorrow?,"Now that addl 25% has ben as=dded for purchasing energy  from Russia, despite the govt response exposing that EU and US have been engaged in buying Russian energies, this is going to the next level. How can the market take this shock? Lets see",1mj6eva,68,48,https://www.reddit.com/r/IndianStockMarket/comments/1mj6eva/additional_25_tariffs_in_india_announced_how_will/
5,RBI keeps repo rate unchanged!,"The Reserve Bank of India has decided to keep the repo rate steady at 5.5%, signaling stability in monetary policy. Markets may react positively as borrowing costs remain unchanged, supporting growth sentiment. Could this be the start of a market rebound?",1mivra4,49,11,https://i.redd.it/r40z3ps7ybhf1.jpeg
6,"Every time I think Iâ€™ve caught the bottom, the market digs a basement. ğŸ•³ï¸ğŸ“‰","Me: â€œAaj toh bottom lag gaya, ab reversal ayega!â€
Market: ""Aur neeche kya jaane ka irada hai?"" ğŸ˜ˆ
ğŸ§  Entered on bullish divergence...
ğŸ“‰ Market made lower lows with higher disappointment.

Bought the dip?
â€“> Got the slip. ğŸ©´

Tried to short the rally?
â€“> Got trapped like an intraday noob in a positional setup. ğŸ˜­

F&O traders rn:

â€œStoploss is just a polite way of saying Aukaat yaad dilane wala button.â€
ğŸ“Š Nifty: +50 when -70 
ğŸ“‰ My P&L: -7000 then -18000
I swear Zerodhaâ€™s app is green, only because of the logo.
Let me know who else bought a breakout that was just a fakeout.
We'll meet at 3:15 PM for collective therapy. ğŸ§˜â€â™‚ï¸
",1mif4df,27,2,https://www.reddit.com/r/IndianStockMarket/comments/1mif4df/every_time_i_think_ive_caught_the_bottom_the/
7,"Trump has lost his mind, another 25% tariff, now total 50%","Seriously, whatâ€™s this clown playing at? Doubling tariffs on India just because theyâ€™re buying Russian oil like itâ€™s some personal vendetta. Meanwhile, China and Pakistan get off easy.

We Indians are just trying to survive in a messy world, and Trumpâ€™s busy being the biggest headache. He used to call India a friend, but now? Friends, my a\*\*. Heâ€™s just messing up ties and screwing regular people on both sides.  
  
Honestly, who even benefits from this? Not India. Not the US. Just Trumpâ€™s ego trip.",1mj6yca,36,42,https://www.reddit.com/r/IndianStockMarket/comments/1mj6yca/trump_has_lost_his_mind_another_25_tariff_now/
8,why the sudden 5% jump . what happened .,"Was waiting for adding a new position in BSE . from market open it fell by nearly 3% and then suddenly i see this huge green candle ? 

https://preview.redd.it/8cqe9f2uochf1.jpg?width=1212&format=pjpg&auto=webp&s=a6b798a9866c27865425819c7b058d7dc383131d

",1miy3dj,27,8,https://www.reddit.com/r/IndianStockMarket/comments/1miy3dj/why_the_sudden_5_jump_what_happened/
9,No way US' tariffs of 50% on India could last beyond 2028; No need to Panic,"Trump just recently announced 25% penalty on India over and above the prior 25% tariff announced, due to its purchase of Russian oil.  
Trump is in no way going to get a third term and new President would definitely understand the importance of the crucial US-India relationship and would not want to lose a key ally. 
There is negligible chance that the tariffs would remain above 20% beyond 2028, if not sooner.  
US only accounts for less than 20% of India's Exports and Exports themselves (incl services with Zero tariff) are 20%-25% of GDP so no need to panic on the news. Also, Our pharma dominance in APIs is still excluded from tariffs.",1mj6hmn,28,28,https://www.reddit.com/r/IndianStockMarket/comments/1mj6hmn/no_way_us_tariffs_of_50_on_india_could_last/
